text,label
"Mary Beth Evans (born March 7, 1961) is an American television actress, known for her role as Kayla Brady on the NBC daytime soap Days of Our Lives, and her role as Sierra Estaban on the CBS daytime soap As the World Turns. Career
Evans is most famous for portraying Kayla Brady on the NBC soap opera Days of Our Lives from 1986 to 1992, 2006 to 2009, and 2010 to present. In the 1980s, her character became half of the supercouple Steve and Kayla, with Steve ""Patch"" Johnson played by Stephen Nichols. In regard to Steve and Kayla’s first wedding, which was one of the biggest in “Days’” history, Evans remarked, “I think it was number one? And that wedding was just so extravagant. It was outside, which was a big deal on a daytime show. It was beautiful.”  Evans left the show in 1992 but returned (with Nichols) on June 12, 2006 after a fourteen-year absence. In 2009, Evans and Nichols were written off Days of Our Lives. Evans returned in 2010 and has appeared on a recurring basis every year since. In 2015, she was placed back on contract with the series.",human
"Hazel Beard (née Fain; born September 16, 1930) is the first woman and the first Republican to have served as mayor of Shreveport, Louisiana, since the era of Reconstruction. A fiscal conservative, Beard grappled with many economic and social problems during her single term as mayor from 1990 to 1994. Prior to her mayoral service, Beard was a small business owner and a member of the Shreveport City Council from the southwest portion of the city. She was the first woman to have been chairperson of the city council. 1990 election
Beard entered the 1990 mayoral race against three serious opponents, including C.O. Simpkins and two fellow council members, Republican Carolyn Calhoun Whitehurst and Democrat Bill Bush. Bush, a businessman, led in the pre-election polls. Simpkins, an African-American dentist and civil rights activist, had recently moved back to his native Shreveport from New York City. Whitehurst, a real estate broker, was descended from a prominent DeSoto Parish family. Her father, Riemer Calhoun, was a Democratic member of the Louisiana State Senate from 1944 to 1952. Whitehurst, who represented a southeast Shreveport council district, had the support of The Shreveport Times.",human
"Valeria Francisca Eugenia Leopoldina de María de Guadalupe Souza Saldívar is a Mexican researcher focused on evolutionary and microbial ecology. She holds a senior research position in the Department of Evolutionary Ecology at the Institute of Ecology, part of the National Autonomous University of Mexico, and is recognized as a level III researcher in the National System of Researchers. She previously served as the president of the Scientific Society of Ecology of Mexico. 

Early in her life, Souza was born in Mexico City in 1958. Her father, Antonio Souza, was an art collector and critic who discovered the painter Francisco Toledo in 1960. At the age of eight, she decided to pursue a career in biology, a passion that deepened when she read a Time Life book about the discovery of DNA at ten. Souza earned her Bachelor of Science in biology in 1983 and a Master’s degree in biology in 1985 from the National Autonomous University of Mexico (UNAM). In 1990, she completed her Ph.D. in microbial ecology at UNAM's Institute of Ecology. From 1990 to 1992, she was a postdoctoral fellow in the Department of Ecology and Evolutionary Biology at the University of California, Irvine (UCI), working with Richard Lenski on the long-term E. coli experiment. She continued collaborating with Lenski for another year at the Center for Microbial Ecology at Michigan State University after he relocated from UCI. She is married to Dr. Luis Eguiarte, who is also a scientist.",machine
"""Underclass Hero"" is the lead single from Sum 41's fourth studio album of the same name, which was released to radio on May 15, 2007. The full track was leaked on April 23 during a podcast interview with Deryck Whibley on 91X. Sum 41's official website confirmed that this song would serve as the album's opening track. It was featured in the EA Sports video game Madden 08 and Sony's NBA 08. This marks the band's first single following the exit of guitarist Dave Baksh. 

The song, written by Whibley, explores a theme of ""us against them,"" akin to their earlier lyrics. However, ""Underclass Hero"" approaches the subject from a different perspective, focusing on the societal divide between ""high-class and underclass"" rather than the ""youth versus adults"" theme found in All Killer No Filler. It also incorporates classic punk-rock motifs of anti-establishment sentiment. Additionally, the song serves as the theme for MTV's Crash My School. The introduction bears resemblance to the band's earlier single, ""Handle This,"" albeit with some alterations in notes and tuning.",machine
