text,label,similarity,url,all_similarity,mapping,regeneration_similarity,regeneration_mapping
"Mary Beth Evans (born March 7, 1961) is an American television actress, known for her role as Kayla Brady on the NBC daytime soap Days of Our Lives, and her role as Sierra Estaban on the CBS daytime soap As the World Turns. Career
Evans is most famous for portraying Kayla Brady on the NBC soap opera Days of Our Lives from 1986 to 1992, 2006 to 2009, and 2010 to present. In the 1980s, her character became half of the supercouple Steve and Kayla, with Steve ""Patch"" Johnson played by Stephen Nichols. In regard to Steve and Kayla’s first wedding, which was one of the biggest in “Days’” history, Evans remarked, “I think it was number one? And that wedding was just so extravagant. It was outside, which was a big deal on a daytime show. It was beautiful.”  Evans left the show in 1992 but returned (with Nichols) on June 12, 2006 after a fourteen-year absence. In 2009, Evans and Nichols were written off Days of Our Lives. Evans returned in 2010 and has appeared on a recurring basis every year since. In 2015, she was placed back on contract with the series.",human,https://en.wikipedia.org/wiki/Mary_Beth_Evans,0.9989870429039002,"[0.9999999403953552, 0.9898706674575806, 0.9999997019767761, 1.0, 0.9999997615814209, 1.0000001192092896, 1.000000238418579, 1.0, 1.0, 1.0]","[[['Mary Beth Evans (born March 7, 1961) is an American television actress, known for her role as Kayla Brady on the NBC daytime soap Days of Our Lives, and her role as Sierra Estaban on the CBS daytime soap As the World Turns.'], ['Mary Beth Evans (born March 7, 1961) is an American television actress, known for her role as Kayla Brady on the NBC daytime soap Days of Our Lives, and her role as Sierra Estaban on the CBS daytime soap As the World Turns.']], [['Career\nEvans is most famous for portraying Kayla Brady on the NBC soap opera Days of Our Lives from 1986 to 1992, 2006 to 2009, and 2010 to present.'], ['== Career ==\nEvans is most famous for portraying Kayla Brady on the NBC soap opera Days of Our Lives from 1986 to 1992, 2006 to 2009, and 2010 to present.']], [['In the 1980s, her character became half of the supercouple Steve and Kayla, with Steve ""Patch"" Johnson played by Stephen Nichols.'], ['In the 1980s, her character became half of the supercouple Steve and Kayla, with Steve ""Patch"" Johnson played by Stephen Nichols.']], [['In regard to Steve and Kayla’s first wedding, which was one of the biggest in “Days’” history, Evans remarked, “I think it was number one?'], ['In regard to Steve and Kayla’s first wedding, which was one of the biggest in “Days’” history, Evans remarked, “I think it was number one?']], [['And that wedding was just so extravagant.'], ['And that wedding was just so extravagant.']], [['It was outside, which was a big deal on a daytime show.'], ['It was outside, which was a big deal on a daytime show.']], [['It was beautiful.”  Evans left the show in 1992 but returned (with Nichols) on June 12, 2006 after a fourteen-year absence.'], ['It was beautiful.”  Evans left the show in 1992 but returned (with Nichols) on June 12, 2006 after a fourteen-year absence.']], [['In 2009, Evans and Nichols were written off Days of Our Lives.'], ['In 2009, Evans and Nichols were written off Days of Our Lives.']], [['Evans returned in 2010 and has appeared on a recurring basis every year since.'], ['Evans returned in 2010 and has appeared on a recurring basis every year since.']], [['In 2015, she was placed back on contract with the series.'], ['In 2015, she was placed back on contract with the series.']]]","[0.9919023513793945, 0.947350263595581, 0.9424310922622681, 0.8810184597969055, 0.9999997615814209, 1.0000001192092896, 0.9641445279121399, 0.8316763639450073, 0.9611930847167969]","[[['Mary Beth Evans (born March 7, 1961) is an American television actress, known for her role as Kayla Brady on the NBC daytime soap Days of Our Lives, and her role as Sierra Estaban on the CBS daytime soap As the World Turns.'], [""Mary Beth Evans, born on March 7, 1961, is an American actress recognized for her portrayal of Kayla Brady on the NBC daytime soap opera Days of Our Lives, as well as her role as Sierra Estaban on CBS's As the World Turns.""]], [['Career\nEvans is most famous for portraying Kayla Brady on the NBC soap opera Days of Our Lives from 1986 to 1992, 2006 to 2009, and 2010 to present.'], ['Evans is best known for her role as Kayla Brady on Days of Our Lives, which she played from 1986 to 1992, again from 2006 to 2009, and has continued since 2010.']], [['In the 1980s, her character became half of the supercouple Steve and Kayla, with Steve ""Patch"" Johnson played by Stephen Nichols.'], ['During the 1980s, her character became part of the iconic couple Steve and Kayla, alongside Stephen Nichols as Steve ""Patch"" Johnson.']], [['In regard to Steve and Kayla’s first wedding, which was one of the biggest in “Days’” history, Evans remarked, “I think it was number one?'], [""Reflecting on Steve and Kayla's first wedding, which is considered one of the most significant events in the show's history, Evans commented, “I think it was number one?""]], [['And that wedding was just so extravagant.'], ['And that wedding was just so extravagant.']], [['It was outside, which was a big deal on a daytime show.'], ['It was outside, which was a big deal on a daytime show.']], [['It was beautiful.”  Evans left the show in 1992 but returned (with Nichols) on June 12, 2006 after a fourteen-year absence.'], ['It was beautiful.” After leaving the show in 1992, Evans returned with Nichols on June 12, 2006, following a fourteen-year hiatus.']], [['In 2009, Evans and Nichols were written off Days of Our Lives.', 'Evans returned in 2010 and has appeared on a recurring basis every year since.'], ['In 2009, both she and Nichols were written off the show, but Evans made her comeback in 2010 and has been appearing regularly each year since.']], [['In 2015, she was placed back on contract with the series.'], ['In 2015, she was reinstated on contract with the series.']]]"
"Hazel Beard (née Fain; born September 16, 1930) is the first woman and the first Republican to have served as mayor of Shreveport, Louisiana, since the era of Reconstruction. A fiscal conservative, Beard grappled with many economic and social problems during her single term as mayor from 1990 to 1994. Prior to her mayoral service, Beard was a small business owner and a member of the Shreveport City Council from the southwest portion of the city. She was the first woman to have been chairperson of the city council. 1990 election
Beard entered the 1990 mayoral race against three serious opponents, including C.O. Simpkins and two fellow council members, Republican Carolyn Calhoun Whitehurst and Democrat Bill Bush. Bush, a businessman, led in the pre-election polls. Simpkins, an African-American dentist and civil rights activist, had recently moved back to his native Shreveport from New York City. Whitehurst, a real estate broker, was descended from a prominent DeSoto Parish family. Her father, Riemer Calhoun, was a Democratic member of the Louisiana State Senate from 1944 to 1952. Whitehurst, who represented a southeast Shreveport council district, had the support of The Shreveport Times.",human,https://en.wikipedia.org/wiki/Hazel_Beard,0.7522508084774018,"[0.9758698344230652, 1.0000001192092896, 1.0000001192092896, 0.9866212010383606, 1.0000001192092896, 1.0000001192092896, 0.4828866124153137, 0.2553054094314575, 0.3378918170928955, 0.4839327335357666]","[[['Hazel Beard (née Fain; born September 16, 1930) is the first woman and the first Republican to have served as mayor of Shreveport, Louisiana, since the era of Reconstruction.', 'A fiscal conservative, Beard grappled with many economic and social problems during her single term as mayor from 1990 to 1994.'], ['Hazel Beard (née Fain; September 16, 1930 – December 26, 2022) was an American politician who was the first woman and the first Republican to have served as mayor of Shreveport, Louisiana, since the era of Reconstruction.']], [['Prior to her mayoral service, Beard was a small business owner and a member of the Shreveport City Council from the southwest portion of the city.'], ['Prior to her mayoral service, Beard was a small business owner and a member of the Shreveport City Council from the southwest portion of the city.']], [['She was the first woman to have been chairperson of the city council.'], ['She was the first woman to have been chairperson of the city council.']], [['1990 election\nBeard entered the 1990 mayoral race against three serious opponents, including C.O.'], ['== 1990 election ==\nBeard entered the 1990 mayoral race against three serious opponents, including C.O.']], [['Simpkins and two fellow council members, Republican Carolyn Calhoun Whitehurst and Democrat Bill Bush.'], ['Simpkins and two fellow council members, Republican Carolyn Calhoun Whitehurst and Democrat Bill Bush.']], [['Bush, a businessman, led in the pre-election polls.'], ['Bush, a businessman, led in the pre-election polls.']], [['Simpkins, an African-American dentist and civil rights activist, had recently moved back to his native Shreveport from New York City.'], ['Simpkins led in the primary with 31 percent of the ballots cast, but Beard secured the second slot to proceed to the general election.']], [['Whitehurst, a real estate broker, was descended from a prominent DeSoto Parish family.'], [""In the second round of balloting, Beard prevailed winning 38,604 votes (59 percent) to Simpkins' 26,341 (41 percent)."", '== Mayorship ==\nSoon after taking office, Beard appointed Steve Prator, a 17-year member of the Shreveport Police Department as chief of police, a position that he held until 1999.']], [['Her father, Riemer Calhoun, was a Democratic member of the Louisiana State Senate from 1944 to 1952.'], ['Prator successfully sought the office of Caddo Parish sheriff and became the first Republican since Reconstruction to hold that position.', 'He won a sixth term in the primary election held on October 12, 2019.']], [['Whitehurst, who represented a southeast Shreveport council district, had the support of The Shreveport Times.'], [""Beard appointed Republican activist Harriet Belchic to the Shreveport Women's Commission and the Riverfront Redevelopment Advisory Committee.""]]]","[0.97422194480896, 0.9568168520927429, 0.9439751505851746, 1.0, 0.9861025214195251, 0.47210028767585754, 0.24721623957157135, 0.3770771622657776, 0.4786686897277832]","[[['Hazel Beard (née Fain; born September 16, 1930) is the first woman and the first Republican to have served as mayor of Shreveport, Louisiana, since the era of Reconstruction.', 'A fiscal conservative, Beard grappled with many economic and social problems during her single term as mayor from 1990 to 1994.'], ['Hazel Beard (née Fain; September 16, 1930 – December 26, 2022) was an American politician who made history as the first woman and the first Republican to serve as mayor of Shreveport, Louisiana, since the Reconstruction era.']], [['Prior to her mayoral service, Beard was a small business owner and a member of the Shreveport City Council from the southwest portion of the city.', 'She was the first woman to have been chairperson of the city council.'], ['Before her tenure as mayor, Beard was a small business owner and represented the southwest area of the city on the Shreveport City Council, where she was the first female chairperson.']], [['1990 election\nBeard entered the 1990 mayoral race against three serious opponents, including C.O.'], ['== 1990 Election ==\nBeard entered the 1990 mayoral election facing three significant challengers, including C.O.']], [['Simpkins and two fellow council members, Republican Carolyn Calhoun Whitehurst and Democrat Bill Bush.'], ['Simpkins and two fellow council members, Republican Carolyn Calhoun Whitehurst and Democrat Bill Bush.']], [['Bush, a businessman, led in the pre-election polls.'], ['Bush, a businessman, was leading in the pre-election polls.']], [['Simpkins, an African-American dentist and civil rights activist, had recently moved back to his native Shreveport from New York City.'], ['Simpkins topped the primary with 31 percent of the votes, but Beard secured the second position to advance to the general election.']], [['Whitehurst, a real estate broker, was descended from a prominent DeSoto Parish family.'], [""In the final voting round, Beard won decisively, receiving 38,604 votes (59 percent) compared to Simpkins' 26,341 votes (41 percent)."", '== Mayorship ==\nShortly after assuming office, Beard appointed Steve Prator, a veteran member of the Shreveport Police Department, as chief of police, a role he held until 1999.']], [['Her father, Riemer Calhoun, was a Democratic member of the Louisiana State Senate from 1944 to 1952.'], ['Prator later ran for Caddo Parish sheriff and became the first Republican to hold that office since Reconstruction, winning a sixth term in the primary election on October 12, 2019.']], [['Whitehurst, who represented a southeast Shreveport council district, had the support of The Shreveport Times.'], [""Beard also appointed Republican activist Harriet Belchic to the Shreveport Women's Commission and the Riverfront Redevelopment Advisory Committee.""]]]"
"Valeria Francisca Eugenia Leopoldina de María de Guadalupe Souza Saldívar is a Mexican researcher focused on evolutionary and microbial ecology. She holds a senior research position in the Department of Evolutionary Ecology at the Institute of Ecology, part of the National Autonomous University of Mexico, and is recognized as a level III researcher in the National System of Researchers. She previously served as the president of the Scientific Society of Ecology of Mexico. 

Early in her life, Souza was born in Mexico City in 1958. Her father, Antonio Souza, was an art collector and critic who discovered the painter Francisco Toledo in 1960. At the age of eight, she decided to pursue a career in biology, a passion that deepened when she read a Time Life book about the discovery of DNA at ten. Souza earned her Bachelor of Science in biology in 1983 and a Master’s degree in biology in 1985 from the National Autonomous University of Mexico (UNAM). In 1990, she completed her Ph.D. in microbial ecology at UNAM's Institute of Ecology. From 1990 to 1992, she was a postdoctoral fellow in the Department of Ecology and Evolutionary Biology at the University of California, Irvine (UCI), working with Richard Lenski on the long-term E. coli experiment. She continued collaborating with Lenski for another year at the Center for Microbial Ecology at Michigan State University after he relocated from UCI. She is married to Dr. Luis Eguiarte, who is also a scientist.",machine,https://en.wikipedia.org/wiki/Valeria_Souza,0.9611394459551031,"[0.9785875082015991, 0.9547935128211975, 0.9619811773300171, 0.921623170375824, 0.9854084253311157, 0.9343656897544861, 0.9677980542182922, 0.9458710551261902, 0.9813683032989502, 0.9407367706298828, 1.000000238418579]","[[['Valeria Francisca Eugenia Leopoldina de María de Guadalupe Souza Saldívar is a Mexican researcher focused on evolutionary and microbial ecology.'], ['Valeria Francisca Eugenia Leopoldina de María de Guadalupe Souza Saldívar is a Mexican scientist who specializes in evolutionary and microbial ecology.']], [['She holds a senior research position in the Department of Evolutionary Ecology at the Institute of Ecology, part of the National Autonomous University of Mexico, and is recognized as a level III researcher in the National System of Researchers.'], ['She is a senior researcher in the Department of Evolutionary Ecology of the Institute of Ecology of the National Autonomous University of Mexico and a level III researcher in the National System of Researchers.']], [['She previously served as the president of the Scientific Society of Ecology of Mexico.'], ['She was the former president of the Scientific Society of Ecology of Mexico.']], [['Early in her life, Souza was born in Mexico City in 1958.'], ['== Early education and career ==\nSouza was born in Mexico City in 1958.']], [['Her father, Antonio Souza, was an art collector and critic who discovered the painter Francisco Toledo in 1960.'], ['Her father, Antonio Souza, was an art collector and critic who first discovered, in 1960, the painter Francisco Toledo.']], [['At the age of eight, she decided to pursue a career in biology, a passion that deepened when she read a Time Life book about the discovery of DNA at ten.'], ['As an eight year old, she decided she wanted to become a biologist.', 'Her interest in biology was further cemented after she was given a Time Life book to read about the discovery of DNA when she was ten years old.']], [['Souza earned her Bachelor of Science in biology in 1983 and a Master’s degree in biology in 1985 from the National Autonomous University of Mexico (UNAM).'], ['Souza received a B.S.', ""in biology in 1983 and a Master's degree in biology in 1985 from the National Autonomous University of Mexico (UNAM).""]], [[""In 1990, she completed her Ph.D. in microbial ecology at UNAM's Institute of Ecology.""], ['In 1990, also at UNAM, she received a Ph.D in microbial ecology from the Institute of Ecology (formerly known as the Ecology Center).']], [['From 1990 to 1992, she was a postdoctoral fellow in the Department of Ecology and Evolutionary Biology at the University of California, Irvine (UCI), working with Richard Lenski on the long-term E. coli experiment.'], ['She was a postdoctoral fellow from 1990-1992 in the Department of Ecology and Evolutionary Biology at the University of California, Irvine (UCI) with Richard Lenski where she worked on the long-term E. coli experiment.']], [['She continued collaborating with Lenski for another year at the Center for Microbial Ecology at Michigan State University after he relocated from UCI.'], [""She continued her work with Lenski for one additional year at the Center for Microbial Ecology at  Michigan State University following Lenski's move to Michigan from UCI.""]], [['She is married to Dr. Luis Eguiarte, who is also a scientist.'], ['She is married to Dr. Luis Eguiarte, who is also a scientist.']]]","[1.000000238418579, 0.9962702393531799, 0.9879482984542847, 0.9371000528335571, 0.971089243888855, 0.9865013360977173, 0.990462064743042, 1.000000238418579, 0.9999997019767761, 1.0000001192092896]","[[['Valeria Francisca Eugenia Leopoldina de María de Guadalupe Souza Saldívar is a Mexican researcher focused on evolutionary and microbial ecology.'], ['Valeria Francisca Eugenia Leopoldina de María de Guadalupe Souza Saldívar is a Mexican researcher focused on evolutionary and microbial ecology.']], [['She holds a senior research position in the Department of Evolutionary Ecology at the Institute of Ecology, part of the National Autonomous University of Mexico, and is recognized as a level III researcher in the National System of Researchers.'], ['She holds a senior research position in the Department of Evolutionary Ecology at the Institute of Ecology of the National Autonomous University of Mexico and is recognized as a level III researcher in the National System of Researchers.']], [['She previously served as the president of the Scientific Society of Ecology of Mexico.'], ['Previously, she served as the president of the Scientific Society of Ecology of Mexico.']], [['Early in her life, Souza was born in Mexico City in 1958.', 'Her father, Antonio Souza, was an art collector and critic who discovered the painter Francisco Toledo in 1960.'], ['== Early Education and Career ==  \nBorn in Mexico City in 1958, Souza is the daughter of Antonio Souza, an art collector and critic who discovered painter Francisco Toledo in 1960.']], [['At the age of eight, she decided to pursue a career in biology, a passion that deepened when she read a Time Life book about the discovery of DNA at ten.'], ['At the age of eight, she aspired to become a biologist, a passion that deepened when she read a Time Life book about the discovery of DNA at ten.']], [['Souza earned her Bachelor of Science in biology in 1983 and a Master’s degree in biology in 1985 from the National Autonomous University of Mexico (UNAM).'], ['Souza earned her B.S.', ""in biology in 1983 and her Master's degree in biology in 1985 from the National Autonomous University of Mexico (UNAM).""]], [[""In 1990, she completed her Ph.D. in microbial ecology at UNAM's Institute of Ecology.""], [""In 1990, she completed her Ph.D. in microbial ecology at UNAM's Institute of Ecology (formerly the Ecology Center).""]], [['From 1990 to 1992, she was a postdoctoral fellow in the Department of Ecology and Evolutionary Biology at the University of California, Irvine (UCI), working with Richard Lenski on the long-term E. coli experiment.'], ['From 1990 to 1992, she was a postdoctoral fellow in the Department of Ecology and Evolutionary Biology at the University of California, Irvine (UCI), working with Richard Lenski on the long-term E. coli experiment.']], [['She continued collaborating with Lenski for another year at the Center for Microbial Ecology at Michigan State University after he relocated from UCI.'], ['She continued collaborating with Lenski for another year at the Center for Microbial Ecology at Michigan State University after he relocated from UCI.']], [['She is married to Dr. Luis Eguiarte, who is also a scientist.'], ['She is married to Dr. Luis Eguiarte, who is also a scientist.']]]"
"""Underclass Hero"" is the lead single from Sum 41's fourth studio album of the same name, which was released to radio on May 15, 2007. The full track was leaked on April 23 during a podcast interview with Deryck Whibley on 91X. Sum 41's official website confirmed that this song would serve as the album's opening track. It was featured in the EA Sports video game Madden 08 and Sony's NBA 08. This marks the band's first single following the exit of guitarist Dave Baksh. 

The song, written by Whibley, explores a theme of ""us against them,"" akin to their earlier lyrics. However, ""Underclass Hero"" approaches the subject from a different perspective, focusing on the societal divide between ""high-class and underclass"" rather than the ""youth versus adults"" theme found in All Killer No Filler. It also incorporates classic punk-rock motifs of anti-establishment sentiment. Additionally, the song serves as the theme for MTV's Crash My School. The introduction bears resemblance to the band's earlier single, ""Handle This,"" albeit with some alterations in notes and tuning.",machine,https://en.wikipedia.org/wiki/Underclass_Hero,0.4099866822361946,"[0.8064660429954529, 0.3492358922958374, 0.39959385991096497, 0.2883152365684509, 0.44711509346961975, 0.2390027642250061, 0.2965865731239319, 0.45357799530029297]","[[['""Underclass Hero"" is the lead single from Sum 41\'s fourth studio album of the same name, which was released to radio on May 15, 2007.'], ['Underclass Hero is the fourth studio album by Canadian rock band Sum 41.', 'It is the first of two albums by the band recorded as a three-piece since the departure of guitarist Dave ""Brownsound"" Baksh the previous year.']], [['The full track was leaked on April 23 during a podcast interview with Deryck Whibley on 91X.'], [""It was released on July 24, 2007 by Island Records and distributed worldwide by Aquarius Records, the band's final album on the label."", 'In comparison to the heavy metal-inspired style of their previous album Chuck (2004), Underclass Hero  marked a return to the band’s pop-punk sound.']], [[""Sum 41's official website confirmed that this song would serve as the album's opening track.""], ['The album was a commercial success, peaking at number 1 on the Canadian Albums Chart and at number 7 on the US Billboard 200, becoming the band’s highest-charting album to date.']], [[""It was featured in the EA Sports video game Madden 08 and Sony's NBA 08."", ""This marks the band's first single following the exit of guitarist Dave Baksh.""], ['It received generally mixed reviews from critics, with some praising its songwriting, lyrics and production, while others found it to be too long, melodramatic, and derivative.']], [['The song, written by Whibley, explores a theme of ""us against them,"" akin to their earlier lyrics.'], ['== Background ==\nIn his memoir, Walking Disaster, Whibley reveals that the album was quietly ""ghost produced"" by Rob Cavallo.']], [['However, ""Underclass Hero"" approaches the subject from a different perspective, focusing on the societal divide between ""high-class and underclass"" rather than the ""youth versus adults"" theme found in All Killer No Filler.', 'It also incorporates classic punk-rock motifs of anti-establishment sentiment.'], ['Cavallo, best-known for his work with Green Day and My Chemical Romance, was under contract with Warner Bros. at the time and unable to work in a full capacity.']], [[""Additionally, the song serves as the theme for MTV's Crash My School.""], ['He ended up advising Whibley weekly on his song progress, and suggested he utilize his engineer, Doug McKean, who ended up on the record.', 'The album was mainly recorded at Ocean Way Recording, at the tail-end of a period when record labels offered ""extravagant"" budgets.']], [['The introduction bears resemblance to the band\'s earlier single, ""Handle This,"" albeit with some alterations in notes and tuning.'], [""It was being recorded at the same time as The Best Damn Thing by Avril Lavigne, then Whibley's wife; it was tracked in an adjacent room.""]]]",[],[]
